<layer>
  <name>tekst_linje</name>
  <id>LayerInfoImpl-49f9795f:18e50668919:-5316</id>
  <type>VECTOR</type>
  <defaultStyle>
    <id>StyleInfoImpl-3613a94:18acb7c870b:7915</id>
  </defaultStyle>
  <resource class="featureType">
    <id>FeatureTypeInfoImpl-49f9795f:18e50668919:-5317</id>
  </resource>
  <attribution>
    <logoWidth>0</logoWidth>
    <logoHeight>0</logoHeight>
  </attribution>
  <dateCreated>2024-03-18 12:10:24.479 UTC</dateCreated>
  <dateModified>2024-10-28 11:57:44.618 UTC</dateModified>
</layer>