<?xml version="1.0" encoding="utf-8"?>
<gwcConfiguration xmlns:xsi="http://www.w3.org/2001/XMLSchema-instance" xsi:schemaLocation="http://geowebcache.org/schema/1.24.0 http://geowebcache.org/schema/1.24.0/geowebcache.xsd" xmlns="http://geowebcache.org/schema/1.24.0">
  <version>1.24.0</version>
  <backendTimeout>120</backendTimeout>
  <blobStores/>
  <gridSets>
    <gridSet>
      <name>EPSG:3857</name>
      <description>This tile matrix set is the most used tile matrix set in the mass market: for example, by Google Maps, Microsoft Bing Maps and Open Street Map tiles. Nevertheless, it has been long criticized because it is a based on a spherical Mercator instead of an ellipsoid. The use of WebMercatorQuad should be limited to visualization. Any additional use (including distance measurements, routing etc.) needs to use the Mercator spherical expressions to transform the coordinate to an appropriate CRS first. The risks caused by imprecision in the use of Web Mercator is also emphasized by the US National Geospatial Agency (NGA). NGA has issued an Advisory Notice on web Mercator (http://earth-info.nga.mil/GandG/wgs84/web_mercator/index.html) that says that “it may cause geo-location / geo-coordinate errors up to 40,000 meters. This erroneous geospatial positioning information poses an unacceptable risk to global safety of navigation activities, and department of defense, intelligence community, and allied partner systems, missions, and operations that require accurate and precise positioning and navigation information.” The use of WorldMercatorWGS84Quad is recommended.</description>
      <srs>
        <number>3857</number>
      </srs>
      <extent>
        <coords>
          <double>-2.003750834E7</double>
          <double>-2.003750834E7</double>
          <double>2.003750834E7</double>
          <double>2.003750834E7</double>
        </coords>
      </extent>
      <alignTopLeft>true</alignTopLeft>
      <scaleDenominators>
        <double>5.59082264028717E8</double>
        <double>2.79541132014358E8</double>
        <double>1.39770566007179E8</double>
        <double>6.98852830035897E7</double>
        <double>3.49426415017948E7</double>
        <double>1.74713207508974E7</double>
        <double>8735660.37544871</double>
        <double>4367830.18772435</double>
        <double>2183915.09386217</double>
        <double>1091957.54693108</double>
        <double>545978.773465544</double>
        <double>272989.386732772</double>
        <double>136494.693366386</double>
        <double>68247.346683193</double>
        <double>34123.6733415964</double>
        <double>17061.8366707982</double>
        <double>8530.91833539913</double>
        <double>4265.45916769956</double>
        <double>2132.72958384978</double>
        <double>1066.36479192489</double>
        <double>533.182395962445</double>
        <double>266.591197981222</double>
        <double>133.295598990611</double>
        <double>66.6477994953056</double>
        <double>33.3238997476528</double>
      </scaleDenominators>
      <metersPerUnit>1.0</metersPerUnit>
      <pixelSize>2.8E-4</pixelSize>
      <scaleNames>
        <string>EPSG:3857:0</string>
        <string>EPSG:3857:1</string>
        <string>EPSG:3857:2</string>
        <string>EPSG:3857:3</string>
        <string>EPSG:3857:4</string>
        <string>EPSG:3857:5</string>
        <string>EPSG:3857:6</string>
        <string>EPSG:3857:7</string>
        <string>EPSG:3857:8</string>
        <string>EPSG:3857:9</string>
        <string>EPSG:3857:10</string>
        <string>EPSG:3857:11</string>
        <string>EPSG:3857:12</string>
        <string>EPSG:3857:13</string>
        <string>EPSG:3857:14</string>
        <string>EPSG:3857:15</string>
        <string>EPSG:3857:16</string>
        <string>EPSG:3857:17</string>
        <string>EPSG:3857:18</string>
        <string>EPSG:3857:19</string>
        <string>EPSG:3857:20</string>
        <string>EPSG:3857:21</string>
        <string>EPSG:3857:22</string>
        <string>EPSG:3857:23</string>
        <string>EPSG:3857:24</string>
      </scaleNames>
      <tileHeight>256</tileHeight>
      <tileWidth>256</tileWidth>
      <yCoordinateFirst>false</yCoordinateFirst>
    </gridSet>
    <gridSet>
      <name>EPSG:25832</name>
      <srs>
        <number>25832</number>
      </srs>
      <extent>
        <coords>
          <double>139000.0</double>
          <double>5661139.2</double>
          <double>977860.8</double>
          <double>6500000.0</double>
        </coords>
      </extent>
      <alignTopLeft>false</alignTopLeft>
      <resolutions>
        <double>3276.8</double>
        <double>1638.4</double>
        <double>819.2</double>
        <double>409.6</double>
        <double>204.8</double>
        <double>102.4</double>
        <double>51.2</double>
        <double>25.6</double>
        <double>12.8</double>
        <double>6.4</double>
        <double>3.2</double>
        <double>1.6</double>
        <double>0.8</double>
        <double>0.4</double>
        <double>0.2</double>
        <double>0.1</double>
      </resolutions>
      <metersPerUnit>1.0</metersPerUnit>
      <pixelSize>2.8E-4</pixelSize>
      <scaleNames>
        <string>EPSG:25832:0</string>
        <string>EPSG:25832:1</string>
        <string>EPSG:25832:2</string>
        <string>EPSG:25832:3</string>
        <string>EPSG:25832:4</string>
        <string>EPSG:25832:5</string>
        <string>EPSG:25832:6</string>
        <string>EPSG:25832:7</string>
        <string>EPSG:25832:8</string>
        <string>EPSG:25832:9</string>
        <string>EPSG:25832:10</string>
        <string>EPSG:25832:11</string>
        <string>EPSG:25832:12</string>
        <string>EPSG:25832:13</string>
        <string>EPSG:25832:14</string>
        <string>EPSG:25832:15</string>
      </scaleNames>
      <tileHeight>256</tileHeight>
      <tileWidth>256</tileWidth>
      <yCoordinateFirst>false</yCoordinateFirst>
    </gridSet>
  </gridSets>
  <layers/>
</gwcConfiguration>