<layerGroup>
  <id>LayerGroupInfoImpl-49f9795f:18e50668919:-5235</id>
  <name>skaermkort_vector_tiles</name>
  <mode>SINGLE</mode>
  <internationalTitle/>
  <internationalAbstract/>
  <publishables>
    <published type="layer">
      <id>LayerInfoImpl-49f9795f:18e50668919:-5332</id>
    </published>
    <published type="layer">
      <id>LayerInfoImpl-49f9795f:18e50668919:-5310</id>
    </published>
    <published type="layer">
      <id>LayerInfoImpl-49f9795f:18e50668919:-52ee</id>
    </published>
    <published type="layer">
      <id>LayerInfoImpl-49f9795f:18e50668919:-52cc</id>
    </published>
    <published type="layer">
      <id>LayerInfoImpl-49f9795f:18e50668919:-52a9</id>
    </published>
    <published type="layer">
      <id>LayerInfoImpl-49f9795f:18e50668919:-5286</id>
    </published>
    <published type="layer">
      <id>LayerInfoImpl-49f9795f:18e50668919:-5263</id>
    </published>
    <published type="layer">
      <id>LayerInfoImpl-49f9795f:18e50668919:-5240</id>
    </published>
    <published type="layer">
      <id>LayerInfoImpl--4104d2e1:18ea980e645:441d</id>
    </published>
    <published type="layer">
      <id>LayerInfoImpl--4104d2e1:18ea980e645:4430</id>
    </published>
    <published type="layer">
      <id>LayerInfoImpl--4104d2e1:18ea980e645:4446</id>
    </published>
    <published type="layer">
      <id>LayerInfoImpl-49f9795f:18e50668919:-5343</id>
    </published>
    <published type="layer">
      <id>LayerInfoImpl-49f9795f:18e50668919:-531d</id>
    </published>
    <published type="layer">
      <id>LayerInfoImpl-49f9795f:18e50668919:-52f7</id>
    </published>
    <published type="layer">
      <id>LayerInfoImpl-49f9795f:18e50668919:-52d5</id>
    </published>
    <published type="layer">
      <id>LayerInfoImpl-49f9795f:18e50668919:-52b2</id>
    </published>
    <published type="layer">
      <id>LayerInfoImpl-49f9795f:18e50668919:-528f</id>
    </published>
    <published type="layer">
      <id>LayerInfoImpl-49f9795f:18e50668919:-526c</id>
    </published>
    <published type="layer">
      <id>LayerInfoImpl-49f9795f:18e50668919:-5249</id>
    </published>
    <published type="layer">
      <id>LayerInfoImpl--4104d2e1:18ea980e645:441a</id>
    </published>
    <published type="layer">
      <id>LayerInfoImpl--4104d2e1:18ea980e645:442d</id>
    </published>
    <published type="layer">
      <id>LayerInfoImpl--4104d2e1:18ea980e645:4443</id>
    </published>
    <published type="layer">
      <id>LayerInfoImpl-49f9795f:18e2cc902b9:5b22</id>
    </published>
    <published type="layer">
      <id>LayerInfoImpl-49f9795f:18e50668919:-5352</id>
    </published>
    <published type="layer">
      <id>LayerInfoImpl-49f9795f:18e50668919:-5306</id>
    </published>
    <published type="layer">
      <id>LayerInfoImpl-49f9795f:18e50668919:-52e4</id>
    </published>
    <published type="layer">
      <id>LayerInfoImpl-49f9795f:18e50668919:-52c1</id>
    </published>
    <published type="layer">
      <id>LayerInfoImpl-49f9795f:18e50668919:-529e</id>
    </published>
    <published type="layer">
      <id>LayerInfoImpl-49f9795f:18e50668919:-527b</id>
    </published>
    <published type="layer">
      <id>LayerInfoImpl-49f9795f:18e50668919:-5258</id>
    </published>
    <published type="layer">
      <id>LayerInfoImpl--4104d2e1:18ea980e645:4450</id>
    </published>
    <published type="layer">
      <id>LayerInfoImpl--4104d2e1:18ea980e645:4424</id>
    </published>
    <published type="layer">
      <id>LayerInfoImpl--4104d2e1:18ea980e645:443a</id>
    </published>
    <published type="layer">
      <id>LayerInfoImpl-49f9795f:18e50668919:-534c</id>
    </published>
    <published type="layer">
      <id>LayerInfoImpl-49f9795f:18e50668919:-5326</id>
    </published>
    <published type="layer">
      <id>LayerInfoImpl-49f9795f:18e50668919:-5300</id>
    </published>
    <published type="layer">
      <id>LayerInfoImpl--232f9eee:192c36b97c4:3009</id>
    </published>
    <published type="layer">
      <id>LayerInfoImpl-49f9795f:18e50668919:-5349</id>
    </published>
    <published type="layer">
      <id>LayerInfoImpl-49f9795f:18e50668919:-5323</id>
    </published>
    <published type="layer">
      <id>LayerInfoImpl-49f9795f:18e50668919:-52fd</id>
    </published>
    <published type="layer">
      <id>LayerInfoImpl-49f9795f:18e50668919:-52db</id>
    </published>
    <published type="layer">
      <id>LayerInfoImpl-49f9795f:18e50668919:-52b8</id>
    </published>
    <published type="layer">
      <id>LayerInfoImpl-49f9795f:18e50668919:-5295</id>
    </published>
    <published type="layer">
      <id>LayerInfoImpl-49f9795f:18e50668919:-5272</id>
    </published>
    <published type="layer">
      <id>LayerInfoImpl-49f9795f:18e50668919:-524f</id>
    </published>
    <published type="layer">
      <id>LayerInfoImpl-49f9795f:18e50668919:-532f</id>
    </published>
    <published type="layer">
      <id>LayerInfoImpl-49f9795f:18e50668919:-530d</id>
    </published>
    <published type="layer">
      <id>LayerInfoImpl-49f9795f:18e50668919:-52eb</id>
    </published>
    <published type="layer">
      <id>LayerInfoImpl-49f9795f:18e50668919:-52c9</id>
    </published>
    <published type="layer">
      <id>LayerInfoImpl-49f9795f:18e50668919:-52a6</id>
    </published>
    <published type="layer">
      <id>LayerInfoImpl-49f9795f:18e50668919:-5283</id>
    </published>
    <published type="layer">
      <id>LayerInfoImpl-49f9795f:18e50668919:-5260</id>
    </published>
    <published type="layer">
      <id>LayerInfoImpl-49f9795f:18e50668919:-523d</id>
    </published>
    <published type="layer">
      <id>LayerInfoImpl-49f9795f:18e50668919:-5346</id>
    </published>
    <published type="layer">
      <id>LayerInfoImpl-49f9795f:18e50668919:-5320</id>
    </published>
    <published type="layer">
      <id>LayerInfoImpl-49f9795f:18e50668919:-52fa</id>
    </published>
    <published type="layer">
      <id>LayerInfoImpl-49f9795f:18e50668919:-52d8</id>
    </published>
    <published type="layer">
      <id>LayerInfoImpl-49f9795f:18e50668919:-52b5</id>
    </published>
    <published type="layer">
      <id>LayerInfoImpl-49f9795f:18e50668919:-5292</id>
    </published>
    <published type="layer">
      <id>LayerInfoImpl-49f9795f:18e50668919:-526f</id>
    </published>
    <published type="layer">
      <id>LayerInfoImpl-49f9795f:18e50668919:-524c</id>
    </published>
    <published type="layer">
      <id>LayerInfoImpl--4104d2e1:18ea980e645:4416</id>
    </published>
    <published type="layer">
      <id>LayerInfoImpl--4104d2e1:18ea980e645:442a</id>
    </published>
    <published type="layer">
      <id>LayerInfoImpl--4104d2e1:18ea980e645:4440</id>
    </published>
    <published type="layer">
      <id>LayerInfoImpl-49f9795f:18e50668919:-532c</id>
    </published>
    <published type="layer">
      <id>LayerInfoImpl-49f9795f:18e50668919:-530a</id>
    </published>
    <published type="layer">
      <id>LayerInfoImpl-49f9795f:18e50668919:-52e8</id>
    </published>
    <published type="layer">
      <id>LayerInfoImpl-49f9795f:18e50668919:-52c6</id>
    </published>
    <published type="layer">
      <id>LayerInfoImpl-49f9795f:18e50668919:-52a3</id>
    </published>
    <published type="layer">
      <id>LayerInfoImpl-49f9795f:18e50668919:-5280</id>
    </published>
    <published type="layer">
      <id>LayerInfoImpl-49f9795f:18e50668919:-525d</id>
    </published>
    <published type="layer">
      <id>LayerInfoImpl--4104d2e1:18ea980e645:4420</id>
    </published>
    <published type="layer">
      <id>LayerInfoImpl-49f9795f:18e50668919:-523a</id>
    </published>
    <published type="layer">
      <id>LayerInfoImpl--4104d2e1:18ea980e645:4433</id>
    </published>
    <published type="layer">
      <id>LayerInfoImpl--4104d2e1:18ea980e645:4449</id>
    </published>
    <published type="layer">
      <id>LayerInfoImpl-49f9795f:18e50668919:-534f</id>
    </published>
    <published type="layer">
      <id>LayerInfoImpl-49f9795f:18e50668919:-5329</id>
    </published>
    <published type="layer">
      <id>LayerInfoImpl-49f9795f:18e50668919:-5303</id>
    </published>
    <published type="layer">
      <id>LayerInfoImpl-49f9795f:18e50668919:-52e1</id>
    </published>
    <published type="layer">
      <id>LayerInfoImpl-49f9795f:18e50668919:-52be</id>
    </published>
    <published type="layer">
      <id>LayerInfoImpl-49f9795f:18e50668919:-529b</id>
    </published>
    <published type="layer">
      <id>LayerInfoImpl-49f9795f:18e50668919:-5278</id>
    </published>
    <published type="layer">
      <id>LayerInfoImpl-49f9795f:18e50668919:-5255</id>
    </published>
    <published type="layer">
      <id>LayerInfoImpl--4104d2e1:18ea980e645:4413</id>
    </published>
    <published type="layer">
      <id>LayerInfoImpl--4104d2e1:18ea980e645:4427</id>
    </published>
    <published type="layer">
      <id>LayerInfoImpl--4104d2e1:18ea980e645:443d</id>
    </published>
    <published type="layer">
      <id>LayerInfoImpl-49f9795f:18e50668919:-5340</id>
    </published>
    <published type="layer">
      <id>LayerInfoImpl-49f9795f:18e50668919:-531a</id>
    </published>
    <published type="layer">
      <id>LayerInfoImpl-49f9795f:18e50668919:-52f4</id>
    </published>
    <published type="layer">
      <id>LayerInfoImpl-49f9795f:18e50668919:-52d2</id>
    </published>
    <published type="layer">
      <id>LayerInfoImpl-49f9795f:18e50668919:-528c</id>
    </published>
    <published type="layer">
      <id>LayerInfoImpl-49f9795f:18e50668919:-52af</id>
    </published>
    <published type="layer">
      <id>LayerInfoImpl-49f9795f:18e50668919:-5269</id>
    </published>
    <published type="layer">
      <id>LayerInfoImpl-49f9795f:18e50668919:-5246</id>
    </published>
    <published type="layer">
      <id>LayerInfoImpl-49f9795f:18e50668919:-533c</id>
    </published>
    <published type="layer">
      <id>LayerInfoImpl-49f9795f:18e50668919:-5316</id>
    </published>
    <published type="layer">
      <id>LayerInfoImpl-5f3e8574:191bc4e4427:7ab0</id>
    </published>
    <published type="layer">
      <id>LayerInfoImpl-5f3e8574:191bc4e4427:7abc</id>
    </published>
    <published type="layer">
      <id>LayerInfoImpl-5f3e8574:191bc4e4427:7a9e</id>
    </published>
    <published type="layer">
      <id>LayerInfoImpl-5f3e8574:191bc4e4427:7ab4</id>
    </published>
    <published type="layer">
      <id>LayerInfoImpl-5f3e8574:191bc4e4427:7ac0</id>
    </published>
    <published type="layer">
      <id>LayerInfoImpl-5f3e8574:191bc4e4427:7aa8</id>
    </published>
    <published type="layer">
      <id>LayerInfoImpl-5f3e8574:191bc4e4427:7ab8</id>
    </published>
    <published type="layer">
      <id>LayerInfoImpl-5f3e8574:191bc4e4427:7ac4</id>
    </published>
    <published type="layer">
      <id>LayerInfoImpl-5f3e8574:191bc4e4427:7aac</id>
    </published>
    <published type="layer">
      <id>LayerInfoImpl-49f9795f:18e50668919:-5335</id>
    </published>
    <published type="layer">
      <id>LayerInfoImpl-49f9795f:18e50668919:-5313</id>
    </published>
    <published type="layer">
      <id>LayerInfoImpl-49f9795f:18e50668919:-52f1</id>
    </published>
    <published type="layer">
      <id>LayerInfoImpl-49f9795f:18e50668919:-52cf</id>
    </published>
    <published type="layer">
      <id>LayerInfoImpl-49f9795f:18e50668919:-52ac</id>
    </published>
    <published type="layer">
      <id>LayerInfoImpl-49f9795f:18e50668919:-5289</id>
    </published>
    <published type="layer">
      <id>LayerInfoImpl-49f9795f:18e50668919:-5266</id>
    </published>
    <published type="layer">
      <id>LayerInfoImpl-49f9795f:18e50668919:-5243</id>
    </published>
    <published type="layer">
      <id>LayerInfoImpl-49f9795f:18e50668919:-5236</id>
    </published>
    <published type="layer">
      <id>LayerInfoImpl--4104d2e1:18ea980e645:4436</id>
    </published>
    <published type="layer">
      <id>LayerInfoImpl--4104d2e1:18ea980e645:444c</id>
    </published>
  </publishables>
  <styles>
    <style>
      <id>StyleInfoImpl--372f763c:18afea5fb3a:-5b20</id>
    </style>
    <style>
      <id>StyleInfoImpl-3613a94:18acb7c870b:7915</id>
    </style>
    <style>
      <id>StyleInfoImpl-3613a94:18abd189b0e:51fb</id>
    </style>
    <style>
      <id>StyleInfoImpl-3613a94:18abc68569d:-11e1</id>
    </style>
    <style>
      <id>StyleInfoImpl-78a332c0:1894a6190cc:-772c</id>
    </style>
    <style>
      <id>StyleInfoImpl-78a332c0:1894a6190cc:-772d</id>
    </style>
    <style>
      <id>StyleInfoImpl-78a332c0:1894a6190cc:-772e</id>
    </style>
    <style>
      <id>StyleInfoImpl-78a332c0:1894a6190cc:-772f</id>
    </style>
    <style>
      <id>StyleInfoImpl-49f9795f:18dc80a961d:613f</id>
    </style>
    <style>
      <id>StyleInfoImpl--4104d2e1:18ea980e645:440c</id>
    </style>
    <style>
      <id>StyleInfoImpl--4104d2e1:18ea980e645:440d</id>
    </style>
    <style>
      <id>StyleInfoImpl--372f763c:18afea5fb3a:-5b20</id>
    </style>
    <style>
      <id>StyleInfoImpl-3613a94:18acb7c870b:7915</id>
    </style>
    <style>
      <id>StyleInfoImpl-3613a94:18abd189b0e:51fb</id>
    </style>
    <style>
      <id>StyleInfoImpl-3613a94:18abc68569d:-11e1</id>
    </style>
    <style>
      <id>StyleInfoImpl-78a332c0:1894a6190cc:-772c</id>
    </style>
    <style>
      <id>StyleInfoImpl-78a332c0:1894a6190cc:-772d</id>
    </style>
    <style>
      <id>StyleInfoImpl-78a332c0:1894a6190cc:-772e</id>
    </style>
    <style>
      <id>StyleInfoImpl-78a332c0:1894a6190cc:-772f</id>
    </style>
    <style>
      <id>StyleInfoImpl-49f9795f:18dc80a961d:613f</id>
    </style>
    <style>
      <id>StyleInfoImpl--4104d2e1:18ea980e645:440c</id>
    </style>
    <style>
      <id>StyleInfoImpl--4104d2e1:18ea980e645:440d</id>
    </style>
    <style>
      <id>StyleInfoImpl--372f763c:18afea5fb3a:-5b20</id>
    </style>
    <style>
      <id>StyleInfoImpl-3613a94:18acb7c870b:7915</id>
    </style>
    <style>
      <id>StyleInfoImpl-3613a94:18abd189b0e:51fb</id>
    </style>
    <style>
      <id>StyleInfoImpl-3613a94:18abc68569d:-11e1</id>
    </style>
    <style>
      <id>StyleInfoImpl-78a332c0:1894a6190cc:-772c</id>
    </style>
    <style>
      <id>StyleInfoImpl-78a332c0:1894a6190cc:-772d</id>
    </style>
    <style>
      <id>StyleInfoImpl-78a332c0:1894a6190cc:-772e</id>
    </style>
    <style>
      <id>StyleInfoImpl-78a332c0:1894a6190cc:-772f</id>
    </style>
    <style>
      <id>StyleInfoImpl-49f9795f:18dc80a961d:613f</id>
    </style>
    <style>
      <id>StyleInfoImpl--4104d2e1:18ea980e645:440c</id>
    </style>
    <style>
      <id>StyleInfoImpl--4104d2e1:18ea980e645:440d</id>
    </style>
    <style>
      <id>StyleInfoImpl--372f763c:18afea5fb3a:-5b20</id>
    </style>
    <style>
      <id>StyleInfoImpl-3613a94:18acb7c870b:7915</id>
    </style>
    <style>
      <id>StyleInfoImpl-3613a94:18abd189b0e:51fb</id>
    </style>
    <style>
      <id>StyleInfoImpl-3613a94:18abc68569d:-11e1</id>
    </style>
    <style>
      <id>StyleInfoImpl--372f763c:18afea5fb3a:-5b20</id>
    </style>
    <style>
      <id>StyleInfoImpl-3613a94:18acb7c870b:7915</id>
    </style>
    <style>
      <id>StyleInfoImpl-3613a94:18abd189b0e:51fb</id>
    </style>
    <style>
      <id>StyleInfoImpl-3613a94:18abc68569d:-11e1</id>
    </style>
    <style>
      <id>StyleInfoImpl-78a332c0:1894a6190cc:-772c</id>
    </style>
    <style>
      <id>StyleInfoImpl-78a332c0:1894a6190cc:-772d</id>
    </style>
    <style>
      <id>StyleInfoImpl-78a332c0:1894a6190cc:-772e</id>
    </style>
    <style>
      <id>StyleInfoImpl-78a332c0:1894a6190cc:-772f</id>
    </style>
    <style>
      <id>StyleInfoImpl--372f763c:18afea5fb3a:-5b20</id>
    </style>
    <style>
      <id>StyleInfoImpl-3613a94:18acb7c870b:7915</id>
    </style>
    <style>
      <id>StyleInfoImpl-3613a94:18abd189b0e:51fb</id>
    </style>
    <style>
      <id>StyleInfoImpl-3613a94:18abc68569d:-11e1</id>
    </style>
    <style>
      <id>StyleInfoImpl-78a332c0:1894a6190cc:-772c</id>
    </style>
    <style>
      <id>StyleInfoImpl-78a332c0:1894a6190cc:-772d</id>
    </style>
    <style>
      <id>StyleInfoImpl-78a332c0:1894a6190cc:-772e</id>
    </style>
    <style>
      <id>StyleInfoImpl-78a332c0:1894a6190cc:-772f</id>
    </style>
    <style>
      <id>StyleInfoImpl--372f763c:18afea5fb3a:-5b20</id>
    </style>
    <style>
      <id>StyleInfoImpl-3613a94:18acb7c870b:7915</id>
    </style>
    <style>
      <id>StyleInfoImpl-3613a94:18abd189b0e:51fb</id>
    </style>
    <style>
      <id>StyleInfoImpl-3613a94:18abc68569d:-11e1</id>
    </style>
    <style>
      <id>StyleInfoImpl-78a332c0:1894a6190cc:-772c</id>
    </style>
    <style>
      <id>StyleInfoImpl-78a332c0:1894a6190cc:-772d</id>
    </style>
    <style>
      <id>StyleInfoImpl-78a332c0:1894a6190cc:-772e</id>
    </style>
    <style>
      <id>StyleInfoImpl-78a332c0:1894a6190cc:-772f</id>
    </style>
    <style>
      <id>StyleInfoImpl-49f9795f:18dc80a961d:613f</id>
    </style>
    <style>
      <id>StyleInfoImpl--4104d2e1:18ea980e645:440c</id>
    </style>
    <style>
      <id>StyleInfoImpl--4104d2e1:18ea980e645:440d</id>
    </style>
    <style>
      <id>StyleInfoImpl--372f763c:18afea5fb3a:-5b20</id>
    </style>
    <style>
      <id>StyleInfoImpl-3613a94:18acb7c870b:7915</id>
    </style>
    <style>
      <id>StyleInfoImpl-3613a94:18abd189b0e:51fb</id>
    </style>
    <style>
      <id>StyleInfoImpl-3613a94:18abc68569d:-11e1</id>
    </style>
    <style>
      <id>StyleInfoImpl-78a332c0:1894a6190cc:-772c</id>
    </style>
    <style>
      <id>StyleInfoImpl-78a332c0:1894a6190cc:-772d</id>
    </style>
    <style>
      <id>StyleInfoImpl-78a332c0:1894a6190cc:-772e</id>
    </style>
    <style>
      <id>StyleInfoImpl-49f9795f:18dc80a961d:613f</id>
    </style>
    <style>
      <id>StyleInfoImpl-78a332c0:1894a6190cc:-772f</id>
    </style>
    <style>
      <id>StyleInfoImpl--4104d2e1:18ea980e645:440c</id>
    </style>
    <style>
      <id>StyleInfoImpl--4104d2e1:18ea980e645:440d</id>
    </style>
    <style>
      <id>StyleInfoImpl--372f763c:18afea5fb3a:-5b20</id>
    </style>
    <style>
      <id>StyleInfoImpl-3613a94:18acb7c870b:7915</id>
    </style>
    <style>
      <id>StyleInfoImpl-3613a94:18abd189b0e:51fb</id>
    </style>
    <style>
      <id>StyleInfoImpl-3613a94:18abc68569d:-11e1</id>
    </style>
    <style>
      <id>StyleInfoImpl-78a332c0:1894a6190cc:-772c</id>
    </style>
    <style>
      <id>StyleInfoImpl-78a332c0:1894a6190cc:-772d</id>
    </style>
    <style>
      <id>StyleInfoImpl-78a332c0:1894a6190cc:-772e</id>
    </style>
    <style>
      <id>StyleInfoImpl-78a332c0:1894a6190cc:-772f</id>
    </style>
    <style>
      <id>StyleInfoImpl-49f9795f:18dc80a961d:613f</id>
    </style>
    <style>
      <id>StyleInfoImpl--4104d2e1:18ea980e645:440c</id>
    </style>
    <style>
      <id>StyleInfoImpl--4104d2e1:18ea980e645:440d</id>
    </style>
    <style>
      <id>StyleInfoImpl--372f763c:18afea5fb3a:-5b20</id>
    </style>
    <style>
      <id>StyleInfoImpl-3613a94:18acb7c870b:7915</id>
    </style>
    <style>
      <id>StyleInfoImpl-3613a94:18abd189b0e:51fb</id>
    </style>
    <style>
      <id>StyleInfoImpl-3613a94:18abc68569d:-11e1</id>
    </style>
    <style>
      <id>StyleInfoImpl-78a332c0:1894a6190cc:-772d</id>
    </style>
    <style>
      <id>StyleInfoImpl-78a332c0:1894a6190cc:-772c</id>
    </style>
    <style>
      <id>StyleInfoImpl-78a332c0:1894a6190cc:-772e</id>
    </style>
    <style>
      <id>StyleInfoImpl-78a332c0:1894a6190cc:-772f</id>
    </style>
    <style>
      <id>StyleInfoImpl--372f763c:18afea5fb3a:-5b20</id>
    </style>
    <style>
      <id>StyleInfoImpl-3613a94:18acb7c870b:7915</id>
    </style>
    <style>
      <id>StyleInfoImpl-3613a94:18abd189b0e:51fb</id>
    </style>
    <style>
      <id>StyleInfoImpl-3613a94:18abc68569d:-11e1</id>
    </style>
    <style>
      <id>StyleInfoImpl-78a332c0:1894a6190cc:-772c</id>
    </style>
    <style>
      <id>StyleInfoImpl-78a332c0:1894a6190cc:-772d</id>
    </style>
    <style>
      <id>StyleInfoImpl-78a332c0:1894a6190cc:-772e</id>
    </style>
    <style>
      <id>StyleInfoImpl-78a332c0:1894a6190cc:-772f</id>
    </style>
    <style>
      <id>StyleInfoImpl-49f9795f:18dc80a961d:613f</id>
    </style>
    <style>
      <id>StyleInfoImpl--4104d2e1:18ea980e645:440c</id>
    </style>
    <style>
      <id>StyleInfoImpl--4104d2e1:18ea980e645:440d</id>
    </style>
    <style>
      <id>StyleInfoImpl--372f763c:18afea5fb3a:-5b20</id>
    </style>
    <style>
      <id>StyleInfoImpl-3613a94:18acb7c870b:7915</id>
    </style>
    <style>
      <id>StyleInfoImpl-3613a94:18abd189b0e:51fb</id>
    </style>
    <style>
      <id>StyleInfoImpl-3613a94:18abc68569d:-11e1</id>
    </style>
    <style>
      <id>StyleInfoImpl-78a332c0:1894a6190cc:-772c</id>
    </style>
    <style>
      <id>StyleInfoImpl-78a332c0:1894a6190cc:-772d</id>
    </style>
    <style>
      <id>StyleInfoImpl-78a332c0:1894a6190cc:-772e</id>
    </style>
    <style>
      <id>StyleInfoImpl-78a332c0:1894a6190cc:-772f</id>
    </style>
    <style>
      <id>StyleInfoImpl-49f9795f:18dc80a961d:613f</id>
    </style>
    <style>
      <id>StyleInfoImpl--4104d2e1:18ea980e645:440c</id>
    </style>
    <style>
      <id>StyleInfoImpl--4104d2e1:18ea980e645:440d</id>
    </style>
  </styles>
  <bounds>
    <minx>120000.0</minx>
    <maxx>1000000.0</maxx>
    <miny>5900000.0</miny>
    <maxy>6500000.0</maxy>
    <crs class="projected">EPSG:25832</crs>
  </bounds>
  <dateCreated>2024-03-18 14:17:47.361 UTC</dateCreated>
  <dateModified>2024-11-11 10:58:27.107 UTC</dateModified>
</layerGroup>