<featureType>
  <id>FeatureTypeInfoImpl-49f9795f:18e50668919:-5301</id>
  <name>industri</name>
  <nativeName>industri_25</nativeName>
  <namespace>
    <id>NamespaceInfoImpl-49f9795f:18e2cc902b9:5b12</id>
  </namespace>
  <title>industri</title>
  <keywords>
    <string>features</string>
    <string>industri_25</string>
  </keywords>
  <nativeCRS class="projected">PROJCS[&quot;ETRS89 / UTM zone 32N&quot;, 
  GEOGCS[&quot;ETRS89&quot;, 
    DATUM[&quot;European Terrestrial Reference System 1989&quot;, 
      SPHEROID[&quot;GRS 1980&quot;, 6378137.0, 298.257222101, AUTHORITY[&quot;EPSG&quot;,&quot;7019&quot;]], 
      TOWGS84[0.0, 0.0, 0.0, 0.0, 0.0, 0.0, 0.0], 
      AUTHORITY[&quot;EPSG&quot;,&quot;6258&quot;]], 
    PRIMEM[&quot;Greenwich&quot;, 0.0, AUTHORITY[&quot;EPSG&quot;,&quot;8901&quot;]], 
    UNIT[&quot;degree&quot;, 0.017453292519943295], 
    AXIS[&quot;Geodetic longitude&quot;, EAST], 
    AXIS[&quot;Geodetic latitude&quot;, NORTH], 
    AUTHORITY[&quot;EPSG&quot;,&quot;4258&quot;]], 
  PROJECTION[&quot;Transverse_Mercator&quot;], 
  PARAMETER[&quot;central_meridian&quot;, 9.0], 
  PARAMETER[&quot;latitude_of_origin&quot;, 0.0], 
  PARAMETER[&quot;scale_factor&quot;, 0.9996], 
  PARAMETER[&quot;false_easting&quot;, 500000.0], 
  PARAMETER[&quot;false_northing&quot;, 0.0], 
  UNIT[&quot;m&quot;, 1.0], 
  AXIS[&quot;Easting&quot;, EAST], 
  AXIS[&quot;Northing&quot;, NORTH], 
  AUTHORITY[&quot;EPSG&quot;,&quot;25832&quot;]]</nativeCRS>
  <srs>EPSG:25832</srs>
  <nativeBoundingBox>
    <minx>442224.5</minx>
    <maxx>892043.625</maxx>
    <miny>6050923.5</miny>
    <maxy>6401420.0</maxy>
    <crs class="projected">EPSG:25832</crs>
  </nativeBoundingBox>
  <latLonBoundingBox>
    <minx>8.029268400962527</minx>
    <maxx>15.56284503310973</maxx>
    <miny>54.45416651223178</miny>
    <maxy>57.7545442154709</maxy>
    <crs>EPSG:4326</crs>
  </latLonBoundingBox>
  <projectionPolicy>FORCE_DECLARED</projectionPolicy>
  <enabled>true</enabled>
  <metadata>
    <entry key="cachingEnabled">false</entry>
  </metadata>
  <store class="dataStore">
    <id>DataStoreInfoImpl-49f9795f:18e50668919:-5309</id>
  </store>
  <serviceConfiguration>false</serviceConfiguration>
  <simpleConversionEnabled>false</simpleConversionEnabled>
  <maxFeatures>0</maxFeatures>
  <numDecimals>0</numDecimals>
  <padWithZeros>false</padWithZeros>
  <forcedDecimal>false</forcedDecimal>
  <overridingServiceSRS>false</overridingServiceSRS>
  <skipNumberMatched>false</skipNumberMatched>
  <circularArcPresent>false</circularArcPresent>
</featureType>