<layer>
  <name>tekst_linje</name>
  <id>LayerInfoImpl-5f3e8574:191bc4e4427:7a9e</id>
  <type>VECTOR</type>
  <defaultStyle>
    <id>StyleInfoImpl-78a332c0:1894a6190cc:-772c</id>
  </defaultStyle>
  <resource class="featureType">
    <id>FeatureTypeInfoImpl-5f3e8574:191bc4e4427:7a9d</id>
  </resource>
  <attribution>
    <logoWidth>0</logoWidth>
    <logoHeight>0</logoHeight>
  </attribution>
  <dateCreated>2024-09-05 06:55:51.449 UTC</dateCreated>
  <dateModified>2024-09-05 07:05:59.855 UTC</dateModified>
</layer>