<layer>
  <name>tekst_linje</name>
  <id>LayerInfoImpl-49f9795f:18e50668919:-533c</id>
  <type>VECTOR</type>
  <defaultStyle>
    <id>StyleInfoImpl--372f763c:18afea5fb3a:-5b20</id>
  </defaultStyle>
  <resource class="featureType">
    <id>FeatureTypeInfoImpl-49f9795f:18e50668919:-533d</id>
  </resource>
  <attribution>
    <logoWidth>0</logoWidth>
    <logoHeight>0</logoHeight>
  </attribution>
  <dateCreated>2024-03-18 11:52:08.773 UTC</dateCreated>
  <dateModified>2024-10-28 11:57:37.205 UTC</dateModified>
</layer>