<featureType>
  <id>FeatureTypeInfoImpl--4104d2e1:18ea980e645:4429</id>
  <name>jernbane</name>
  <nativeName>jernbane_5000</nativeName>
  <namespace>
    <id>NamespaceInfoImpl--4104d2e1:18ea980e645:4406</id>
  </namespace>
  <title>jernbane</title>
  <keywords>
    <string>features</string>
    <string>jernbane_5000</string>
  </keywords>
  <nativeCRS class="projected">PROJCS[&quot;ETRS89 / UTM zone 32N&quot;, 
  GEOGCS[&quot;ETRS89&quot;, 
    DATUM[&quot;European Terrestrial Reference System 1989&quot;, 
      SPHEROID[&quot;GRS 1980&quot;, 6378137.0, 298.257222101, AUTHORITY[&quot;EPSG&quot;,&quot;7019&quot;]], 
      TOWGS84[0.0, 0.0, 0.0, 0.0, 0.0, 0.0, 0.0], 
      AUTHORITY[&quot;EPSG&quot;,&quot;6258&quot;]], 
    PRIMEM[&quot;Greenwich&quot;, 0.0, AUTHORITY[&quot;EPSG&quot;,&quot;8901&quot;]], 
    UNIT[&quot;degree&quot;, 0.017453292519943295], 
    AXIS[&quot;Geodetic longitude&quot;, EAST], 
    AXIS[&quot;Geodetic latitude&quot;, NORTH], 
    AUTHORITY[&quot;EPSG&quot;,&quot;4258&quot;]], 
  PROJECTION[&quot;Transverse_Mercator&quot;], 
  PARAMETER[&quot;central_meridian&quot;, 9.0], 
  PARAMETER[&quot;latitude_of_origin&quot;, 0.0], 
  PARAMETER[&quot;scale_factor&quot;, 0.9996], 
  PARAMETER[&quot;false_easting&quot;, 500000.0], 
  PARAMETER[&quot;false_northing&quot;, 0.0], 
  UNIT[&quot;m&quot;, 1.0], 
  AXIS[&quot;Easting&quot;, EAST], 
  AXIS[&quot;Northing&quot;, NORTH], 
  AUTHORITY[&quot;EPSG&quot;,&quot;25832&quot;]]</nativeCRS>
  <srs>EPSG:25832</srs>
  <nativeBoundingBox>
    <minx>447307.84375</minx>
    <maxx>740071.3125</maxx>
    <miny>6049848.0</miny>
    <maxy>6399205.0</maxy>
    <crs class="projected">EPSG:25832</crs>
  </nativeBoundingBox>
  <latLonBoundingBox>
    <minx>8.115151443788646</minx>
    <maxx>13.026050205194975</maxx>
    <miny>54.53915570523626</miny>
    <maxy>57.73496058988846</maxy>
    <crs>EPSG:4326</crs>
  </latLonBoundingBox>
  <projectionPolicy>FORCE_DECLARED</projectionPolicy>
  <enabled>true</enabled>
  <metadata>
    <entry key="cachingEnabled">false</entry>
  </metadata>
  <store class="dataStore">
    <id>DataStoreInfoImpl--4104d2e1:18ea980e645:4409</id>
  </store>
  <serviceConfiguration>false</serviceConfiguration>
  <simpleConversionEnabled>false</simpleConversionEnabled>
  <maxFeatures>0</maxFeatures>
  <numDecimals>0</numDecimals>
  <padWithZeros>false</padWithZeros>
  <forcedDecimal>false</forcedDecimal>
  <overridingServiceSRS>false</overridingServiceSRS>
  <skipNumberMatched>false</skipNumberMatched>
  <circularArcPresent>false</circularArcPresent>
</featureType>