<dataStore>
  <id>DataStoreInfoImpl-49f9795f:18e50668919:-525c</id>
  <name>forvaltning</name>
  <type>PostGIS</type>
  <enabled>true</enabled>
  <workspace>
    <id>WorkspaceInfoImpl-49f9795f:18e2cc902b9:5b1b</id>
  </workspace>
  <connectionParameters>
    <entry key="schema">public</entry>
    <entry key="Evictor run periodicity">300</entry>
    <entry key="Max open prepared statements">50</entry>
    <entry key="encode functions">true</entry>
    <entry key="Batch insert size">1</entry>
    <entry key="preparedStatements">false</entry>
    <entry key="database">postgres</entry>
    <entry key="host">localhost</entry>
    <entry key="Loose bbox">true</entry>
    <entry key="SSL mode">DISABLE</entry>
    <entry key="Estimated extends">true</entry>
    <entry key="fetch size">1000</entry>
    <entry key="Expose primary keys">false</entry>
    <entry key="validate connections">true</entry>
    <entry key="Support on the fly geometry simplification">true</entry>
    <entry key="Connection timeout">20</entry>
    <entry key="create database">false</entry>
    <entry key="Method used to simplify geometries">FAST</entry>
    <entry key="port">5432</entry>
    <entry key="passwd">crypt1:vxnT2NPoa7KQ37MFDmnbfvRaYHG5EnGg</entry>
    <entry key="min connections">1</entry>
    <entry key="dbtype">postgis</entry>
    <entry key="namespace">s1000</entry>
    <entry key="max connections">10</entry>
    <entry key="Evictor tests per run">3</entry>
    <entry key="Test while idle">true</entry>
    <entry key="user">postgres</entry>
    <entry key="Max connection idle time">300</entry>
  </connectionParameters>
  <__default>false</__default>
  <dateCreated>2024-03-18 13:35:59.811 UTC</dateCreated>
  <dateModified>2024-12-10 13:03:51.41 UTC</dateModified>
  <disableOnConnFailure>false</disableOnConnFailure>
</dataStore>