<layer>
  <name>tekst_linje</name>
  <id>LayerInfoImpl-5f3e8574:191bc4e4427:7ab0</id>
  <type>VECTOR</type>
  <defaultStyle>
    <id>StyleInfoImpl-3613a94:18abd189b0e:51fb</id>
  </defaultStyle>
  <resource class="featureType">
    <id>FeatureTypeInfoImpl-5f3e8574:191bc4e4427:7aaf</id>
  </resource>
  <attribution>
    <logoWidth>0</logoWidth>
    <logoHeight>0</logoHeight>
  </attribution>
  <dateCreated>2024-09-05 07:24:30.656 UTC</dateCreated>
  <dateModified>2024-10-28 11:57:51.24 UTC</dateModified>
</layer>