<GeoServerTileLayer>
  <id>LayerGroupInfoImpl-49f9795f:18e50668919:-5235</id>
  <enabled>true</enabled>
  <inMemoryCached>true</inMemoryCached>
  <name>skaermkort_vector_tiles</name>
  <mimeFormats>
    <string>application/vnd.mapbox-vector-tile</string>
    <string>image/png</string>
    <string>image/jpeg</string>
  </mimeFormats>
  <gridSubsets>
    <gridSubset>
      <gridSetName>EPSG:3857</gridSetName>
      <zoomStop>20</zoomStop>
    </gridSubset>
    <gridSubset>
      <gridSetName>EPSG:25832</gridSetName>
      <extent>
        <coords>
          <double>139000.0</double>
          <double>5661139.2</double>
          <double>977860.8</double>
          <double>6500000.0</double>
        </coords>
      </extent>
      <zoomStop>15</zoomStop>
    </gridSubset>
  </gridSubsets>
  <metaWidthHeight>
    <int>4</int>
    <int>4</int>
  </metaWidthHeight>
  <expireCache>0</expireCache>
  <expireClients>0</expireClients>
  <parameterFilters/>
  <gutter>0</gutter>
  <cacheWarningSkips/>
</GeoServerTileLayer>